Temp,Humidity,Cloud Cover,ANNUAL,Jan-Feb,Mar-May,Jun-Sep,Oct-Dec,avgjune,sub,flood
29,73,33,2723.5,1.6,349.5,1837.0,535.4,275.4,466.0,0
31,71,30,2185.7,3.3,232.0,1649.6,300.8,182.0,383.2,0
30,72,35,3545.8,44.9,346.8,2697.8,456.3,194.7,507.7,1
31,72,30,4240.8,15.8,438.2,3454.6,332.2,225.9,112.3,1
28,74,36,2762.9,49.0,227.9,1950.1,535.9,299.0,870.7,0
28,72,42,3348.8,3.5,217.0,2396.9,731.4,133.6,522.1,1
31,76,41,3509.2,23.4,242.3,2705.7,537.8,297.2,707.4,1
28,78,35,2588.0,31.8,233.0,1854.8,468.4,225.1,510.8,0
30,72,39,3024.1,32.6,394.3,2061.4,535.8,243.6,389.5,0
29,72,36,2836.7,67.7,341.0,1822.8,605.2,192.0,390.8,0
30,72,30,2779.0,1.5,343.1,1852.9,581.5,190.8,388.8,0
31,78,38,2595.4,49.3,294.4,1845.1,406.6,322.8,785.9,0
30,71,39,3385.5,17.8,791.0,1939.2,637.5,160.1,59.69999999999999,0
30,75,30,3903.4,20.9,711.1,2738.3,433.1,270.4,429.9,1
30,77,41,3527.8,8.7,364.4,2417.8,736.9,250.6,660.9,1
30,72,37,3047.6,16.8,436.9,1788.5,805.4,199.8666666666667,293.2000000000001,0
28,72,38,3228.4,6.7,248.2,2575.7,397.8,238.7,399.2,1
31,72,31,2925.2,8.6,334.0,1943.7,638.9,73.5,42.8,0
30,71,37,2524.5,31.1,406.7,1670.9,415.7,156.6333333333333,388.7,0
30,76,30,2152.3,7.9,344.9,1145.4,654.1,108.7,138.4,0
28,77,30,2999.4,31.5,171.6,2333.9,462.4,276.5,834.3,0
30,72,34,3372.4,18.1,230.9,2797.5,325.9,251.6,505.6,1
29,76,36,2962.0,2.5,241.8,2237.6,480.1,304.1,793.4,0
29,74,38,2700.3,45.9,540.7,1506.9,606.8,210.1,339.8,0
30,71,41,4226.4,22.2,363.0,3451.3,389.9,337.2333333333333,826.3000000000002,1
29,77,35,3275.3,25.9,284.5,2487.6,477.3,287.4,838.7,1
30,71,43,2408.6,20.0,383.1,1508.5,497.0,230.8,398.1,0
30,77,35,3254.1,42.1,324.2,2501.3,386.5,301.4,679.9,1
28,70,30,3890.1,26.3,213.9,3258.5,391.4,298.3,829.0,1
30,73,30,3259.6,3.6,277.8,2558.0,420.1,180.5666666666667,410.0000000000001,1
29,70,30,4044.1,49.9,211.0,3450.4,332.8,289.8,652.2,1
30,71,30,4130.6,32.6,315.0,3455.5,327.5,344.4,932.6,1
29,78,41,2570.0,66.2,455.0,1555.9,492.9,135.0,208.4,0
29,73,38,2771.6,17.9,364.1,1924.2,465.4,284.0,498.0,0
29,76,33,3392.7,37.8,312.5,2711.4,331.0,232.1333333333333,606.4,1
30,70,32,2740.2,31.1,230.5,2077.3,401.3,241.3,607.7,0
31,70,41,2564.6,67.7,251.4,1720.4,525.1,182.7,469.3,0
31,71,36,2565.2,25.7,362.3,1736.0,441.2,148.9,376.2,0
31,73,34,2983.4,16.2,334.0,2171.2,462.0,169.3,238.2,0
30,70,30,4166.8,51.7,345.2,3450.9,319.0,364.1,743.6,1
29,74,35,3117.8,2.1,347.6,2162.7,605.3,202.1333333333333,389.0,0
31,70,33,2918.7,8.0,311.3,2172.1,427.3,164.1,259.2,0
31,76,34,2976.6,12.4,349.5,2079.2,535.5,283.5,486.2,0
30,74,41,3699.9,45.5,364.4,2885.5,404.5,360.1,703.3,1
31,72,35,2137.6,1.4,169.7,1347.2,619.2,190.8666666666667,464.3,0
29,70,30,2847.2,56.9,262.2,2107.1,421.0,225.5,572.9,0
30,79,33,2945.8,15.8,465.2,1927.6,537.2,306.6,542.6,0
31,72,30,2317.1,41.5,335.4,1361.8,578.4,303.1,865.4,0
31,73,31,3076.8,50.1,450.6,2254.6,321.5,296.5333333333334,572.1,0
31,78,30,2960.6,11.5,198.6,2169.5,581.0,275.7,805.5,0
30,78,37,3278.9,48.0,780.1,1821.8,629.0,166.0,146.9,0
30,74,38,3252.4,3.7,230.2,2342.9,675.7,181.4,410.6,0
30,72,35,2315.5,53.4,252.8,1351.7,657.6,162.3,385.0,0
30,71,30,3893.5,51.7,336.7,3116.9,388.2,366.7,987.1,1
29,72,42,3618.5,3.9,390.2,2663.7,560.7,312.5,650.2,1
28,70,34,3764.9,12.1,479.3,2885.9,387.6,333.4,608.2,1
30,77,35,3449.7,24.1,356.8,2485.4,583.4,130.0,120.4,1
30,74,30,2689.5,32.2,406.0,1716.4,534.9,309.5,602.2,0
30,74,31,3645.4,23.8,505.9,2525.3,590.4,289.6,606.6,1
30,76,36,3090.4,12.1,544.8,1969.3,564.2,266.6,441.0,0
29,79,40,2652.9,24.2,291.0,1714.7,623.0,66.8,97.7,0
30,78,39,2561.2,4.1,288.9,1843.8,424.4,271.7,618.1,0
29,74,30,3374.8,44.4,335.7,2587.9,406.8,325.6,728.7,1
31,78,36,3073.1,31.9,468.6,2039.1,533.5,198.8,376.0,0
29,79,35,2786.4,12.0,457.3,1803.6,513.5,92.6,58.0,0
29,79,36,2869.1,8.8,245.2,2079.8,535.2,126.4666666666666,284.6,0
29,73,38,4192.4,23.9,917.8,2801.6,449.1,335.0,517.7,1
29,72,39,3464.7,3.7,332.0,2573.4,555.6,236.2,128.0,1
30,72,30,3340.0,6.2,317.1,2578.8,437.9,287.3,723.2,1
29,71,40,3373.9,50.8,796.2,1958.3,568.6,223.1,53.7,0
30,74,30,3507.4,44.4,276.9,2807.1,379.0,233.6,587.3,1
30,74,31,2226.9,2.7,299.9,1622.6,301.7,146.7,200.9,0
30,72,38,2422.7,10.3,341.1,1664.7,406.5,219.1666666666666,488.1,0
29,75,30,2442.0,25.1,212.8,1783.2,420.9,217.8,538.9,0
28,75,35,3218.1,3.2,207.6,2406.5,600.8,129.5,676.1,1
29,72,40,3443.9,42.1,247.0,2783.2,371.6,316.7,951.4,1
28,74,42,3369.4,7.9,211.1,2408.7,741.7,254.5,693.1,1
30,74,34,3561.7,24.3,347.7,2810.7,379.0,241.7,406.5,1
29,73,40,3651.3,24.6,353.2,2877.0,396.5,309.9,602.7,1
30,76,42,3507.7,8.4,361.6,2404.8,732.9,338.5,928.6,1
29,75,35,3286.7,16.5,202.5,2480.2,587.5,282.0,817.3,1
28,74,41,3898.5,44.4,564.0,2686.4,603.7,364.4,986.2,1
29,70,42,3927.9,6.5,291.2,3192.1,438.1,306.0,696.1,1
28,70,30,3457.8,51.5,233.4,2585.8,587.1,290.3,838.9,1
28,77,40,3172.9,5.9,236.1,2499.1,431.8,241.0,526.7,1
30,71,36,2870.0,33.4,323.3,1928.4,584.9,200.2,320.4,0
29,75,42,3531.4,47.4,300.2,2792.8,391.0,282.9,583.7,1
31,78,34,3295.0,22.1,333.0,2295.2,644.7,178.9,320.4,0
30,73,43,3437.4,26.9,546.0,2320.7,543.8,178.0,311.2,0
29,74,41,2600.4,97.3,324.5,1935.3,243.3,316.9,881.3,0
30,77,30,3449.7,22.4,344.2,2417.4,665.7,130.4,116.4,1
31,77,30,3289.9,5.8,412.2,2214.4,657.5,262.0,495.0,0
29,79,39,2861.2,18.9,336.5,1931.6,574.2,183.5,354.1,0
28,74,35,3187.4,51.9,201.1,2562.6,371.8,292.2,685.8,1
30,70,34,3156.0,7.9,304.9,2366.2,477.0,186.2,537.9,0
28,76,42,3388.5,3.6,243.5,2399.6,741.8,274.2,972.5,1
29,75,44,2412.5,0.3,263.8,1749.2,399.2,205.6666666666666,497.1,0
28,76,42,3406.9,4.2,335.9,2471.8,595.0,275.8,519.5,1
28,74,30,2432.4,14.3,170.2,1716.5,531.4,183.2666666666667,496.4,0
31,75,42,3567.9,12.3,359.7,2492.5,703.4,259.6,522.9,1
29,72,30,3726.4,26.0,289.8,3058.7,351.9,203.5,506.0,1
28,72,41,3538.3,13.5,334.4,2628.6,561.8,335.9,676.8,1
31,74,42,4233.1,47.3,353.1,3452.0,380.7,333.1,723.4,1
31,74,40,2620.4,35.5,280.6,1682.0,622.3,264.7,499.0,0
28,79,40,2495.6,7.2,370.3,1740.4,377.7,179.5,154.4,0
30,75,42,3530.4,26.3,337.6,2522.3,644.2,362.1,983.6,1
30,76,39,3374.9,26.2,348.8,2576.3,423.6,286.1,460.0,1
30,70,38,2947.0,35.3,317.4,2159.6,434.7,235.0,517.1,0
31,72,44,2727.5,48.7,695.7,1363.6,619.5,187.3,52.3,0
28,70,30,3226.5,32.5,400.9,2275.3,517.8,182.8,286.7,0
28,71,32,2550.5,11.3,244.5,1676.8,617.9,146.6,156.2,0
30,74,35,3493.0,38.6,331.2,2745.2,378.0,288.4,270.9,1
29,71,32,2967.6,18.4,323.9,1967.3,658.0,183.1,393.1,0
30,70,40,3493.5,6.5,245.0,2838.3,403.7,280.1,641.3,1
31,70,44,2575.1,31.8,395.1,1706.7,441.5,65.9,44.2,0
30,74,37,3487.8,51.1,336.8,2714.6,385.3,296.4,835.0,1
30,70,39,2403.9,17.8,494.6,1470.3,421.2,163.4,142.9,0
30,75,30,3363.5,46.3,384.2,2546.2,386.8,352.2,613.0,1
30,71,34,2646.8,31.9,312.4,1783.1,519.4,204.1,473.3,0
28,74,40,3404.2,24.1,288.6,2583.4,508.1,338.8,930.4,1
30,72,30,4257.8,45.0,606.0,3229.3,377.6,335.0666666666667,504.7000000000001,1
30,74,30,2989.7,13.3,302.3,2092.1,582.0,263.2,722.8,0
28,77,40,3199.9,5.0,273.8,2486.1,435.0,175.4,518.4,1
29,73,40,3505.4,23.5,324.0,2413.8,744.1,230.4,588.5,1
28,70,31,4019.7,25.4,257.2,3404.4,332.7,289.5,696.9,1
31,71,30,3411.2,23.2,340.6,2626.6,420.8,138.1,122.4,1
29,73,40,2425.0,19.4,782.0,1340.5,283.1,147.5,153.7,0
28,71,44,2569.1,14.4,339.6,1937.3,277.8,180.5666666666667,296.8000000000001,0
28,73,39,2759.5,20.5,223.3,2073.4,442.3,192.0,528.6,0
30,72,30,3209.4,51.7,206.6,2561.7,389.4,279.1,619.5,1
28,72,42,3686.5,13.2,338.3,2705.1,629.9,360.2,976.8,1
30,72,42,3993.0,27.7,776.7,2684.3,504.3,367.0,723.8,1
30,71,44,2514.2,25.1,246.0,1908.9,334.2,197.6,443.8,0
28,78,41,2096.0,1.3,219.8,1509.5,365.4,62.7,210.5,0
28,71,30,3035.1,66.2,313.5,2209.1,446.3,262.8333333333333,664.3,0
29,76,42,3564.6,14.9,355.7,2516.1,677.9,238.0,515.9,1
29,70,33,3207.3,74.2,372.2,2183.7,577.2,201.3,377.2,0
30,75,35,4059.7,35.3,911.4,2696.2,416.8,171.4,121.4,1
28,72,33,2745.3,17.9,348.1,2008.0,371.3,167.5,245.8,0
29,73,41,2191.0,48.4,182.1,1344.7,615.8,164.2,465.7,0
30,75,30,3647.4,49.1,210.0,3064.4,323.9,286.6,817.5,1
29,71,38,2342.8,33.0,202.2,1939.3,168.3,196.0,524.2,0
31,70,33,2280.6,7.1,213.0,1688.6,371.9,193.3,489.8,0
30,72,30,3422.7,4.1,332.3,2470.8,615.5,134.8,129.5,1
29,74,42,3384.0,8.1,226.5,2408.4,741.0,284.0,849.2,1
28,70,41,3341.0,19.1,200.5,2536.6,584.8,336.7,939.8,1
28,72,40,3506.8,77.5,595.3,2385.4,448.6,238.9,358.8,0
30,74,30,3405.8,46.6,326.1,2649.6,383.5,240.1,641.6,1
29,71,36,3220.1,18.1,299.6,2382.6,519.8,338.6,876.2,0
29,72,42,3567.5,4.2,333.3,2693.2,536.8,334.9,933.4,1
30,74,41,3887.8,25.0,445.7,3004.0,413.1,353.5,649.0,1
30,71,38,2973.9,73.6,435.0,1809.0,656.3,251.7,496.4,0
31,70,35,2572.5,41.2,408.1,1663.7,459.5,201.6,462.1,0
28,75,32,2850.1,51.3,618.2,1524.7,655.9,113.7,28.7,0
29,76,30,3453.7,24.5,284.5,2811.6,333.1,326.3,725.5,1
29,75,36,3358.4,11.6,350.7,2555.2,440.9,270.8,553.4,1
30,76,35,3452.8,10.1,345.5,2720.9,376.3,235.8,407.6,1
28,78,39,2503.0,32.4,181.3,1840.5,448.8,194.3,455.2,0
29,72,37,3520.9,22.6,331.2,2584.2,582.9,336.0,706.4,1
30,70,40,2994.1,82.6,372.2,2114.7,424.6,181.4,464.3,0
28,75,32,3019.4,22.9,343.3,2204.0,449.2,300.9,760.5,0
30,70,36,3075.8,33.2,383.1,2122.6,536.9,94.4,80.2,0
30,74,35,3495.2,10.0,350.4,2572.9,561.9,287.3,519.2,1
31,79,42,2907.7,73.9,314.0,2354.0,165.8,235.0,293.2,0
28,78,40,2678.1,22.2,331.7,1728.8,595.4,165.6,165.5,0
31,77,41,2621.7,9.9,330.3,1593.3,688.2,165.4,401.0,0
31,79,34,2838.2,2.3,333.9,1839.2,662.8,161.9,220.5,0
30,73,30,3492.8,35.5,358.2,2690.7,408.4,133.6,129.6,1
31,76,30,3157.0,14.5,247.6,2344.5,550.4,321.1,765.2,0
31,72,32,2925.4,47.1,200.0,2353.8,324.5,329.7,883.9,0
28,75,31,3355.0,39.3,246.0,2742.9,326.8,286.5,834.6,1
31,74,30,3454.6,51.5,314.4,2700.3,388.4,368.2,974.8,1
31,75,31,2957.9,14.2,304.4,2320.4,318.9,264.5,698.1,0
31,79,40,2531.7,52.3,301.3,1754.0,424.1,186.3,404.5,0
29,70,30,3181.5,14.7,320.7,2186.9,659.2,222.3,359.0,0
30,70,40,3607.0,13.6,423.8,2546.3,623.3,240.5,244.0,1
31,77,39,3146.6,53.8,341.5,2342.9,408.4,212.7666666666667,396.3,0
28,75,35,3478.6,5.7,329.9,2430.7,712.3,343.0,970.8,1
31,74,44,2361.9,21.1,486.5,1505.8,348.5,266.1,493.9,0
28,79,30,1991.8,1.1,84.2,1604.1,302.4,102.4,316.3,0
30,72,42,3960.7,38.1,490.6,2871.9,560.1,338.2,832.0,1
30,72,41,3399.7,50.9,277.4,2671.2,400.2,350.3,720.6,1
30,71,41,2318.5,0.0,203.0,1706.1,409.4,163.5,416.5,0
30,71,40,3655.6,16.0,350.7,2856.9,432.0,252.4,456.8,1
31,72,30,3538.1,24.2,327.6,2806.7,379.6,367.7,846.6,1
30,76,40,4076.6,44.4,922.3,2580.2,529.7,305.4,127.5,1
31,76,42,2410.7,76.2,246.8,1653.5,434.2,284.3,746.1999999999998,0
29,72,37,3403.0,19.4,788.1,1797.8,797.7,113.6666666666667,305.5,0
29,77,42,3269.7,16.9,204.2,2457.9,590.7,335.2,914.2,1
30,70,42,3057.0,40.2,302.8,2098.2,615.8,215.5,659.3,0
31,79,39,2786.7,66.5,356.1,1941.5,422.6,175.5,394.6,0
31,78,36,2610.5,15.0,210.7,1867.9,516.9,266.8,678.3,0
30,72,42,3597.1,4.8,325.8,2576.4,690.1,130.0,400.3,1
28,73,38,3402.4,21.9,264.9,2695.8,419.8,201.8,509.5,1
30,78,35,3131.8,19.6,360.9,1928.0,823.3,222.5,476.9,0
30,70,38,3176.7,18.0,502.1,2081.1,575.6,252.7,361.3,0
28,77,42,3329.1,22.7,259.0,2444.4,603.0,334.4,964.5,1
31,71,35,2631.4,4.8,422.4,1921.8,282.4,189.0,299.2,0
30,74,33,2320.3,1.7,89.9,1906.9,321.8,107.6,246.8,0
29,77,40,2719.0,44.0,260.7,1857.3,557.0,187.6,235.4,0
28,71,40,3542.7,46.7,555.3,2304.8,635.9,185.4,235.1,0
30,71,34,2979.8,20.3,400.8,1943.1,615.6,225.5,386.0,0
28,74,42,3451.5,3.5,323.5,2535.6,588.9,147.4,486.3,1
28,75,42,3271.2,21.7,336.3,2343.0,570.1,186.2,308.9000000000001,0
30,72,31,2507.4,13.3,483.7,1359.0,651.3,167.7,172.3,0
29,77,40,2516.7,3.0,340.7,1727.8,445.2,109.9,246.1,0
28,79,41,2641.0,9.7,788.0,1512.2,331.1,188.3,36.0,0
30,77,42,4067.6,9.0,916.7,2505.4,636.5,288.5,616.2,1
29,79,42,2556.4,0.0,118.3,1921.4,516.7,211.9,639.0,0
30,70,38,2708.0,34.1,230.0,1943.1,500.8,138.3,254.1,0
30,76,36,3134.7,10.5,698.3,1849.7,576.1,260.8,238.2,0
30,72,35,2738.9,7.6,352.3,1930.2,448.8,162.7,198.6,0
31,71,42,3902.3,9.9,547.6,2732.1,612.7,278.3,226.0,1
28,77,35,2830.9,3.2,166.2,2254.7,406.8,332.1,854.5,0
31,78,30,2554.4,1.5,87.0,1955.6,510.3,235.6,761.4,0
31,76,30,3151.5,8.0,220.8,2263.4,659.3,244.1666666666666,580.9,0
30,76,35,3339.5,25.6,328.6,2548.2,437.1,290.2,685.2,1
30,79,32,2774.3,14.6,512.2,1939.7,307.8,330.1,486.6,0
29,77,40,2798.5,20.3,252.1,2066.5,459.6,264.5,798.3,0
30,75,41,4720.1,51.3,914.1,3200.6,554.1,342.4,969.0,1
28,76,30,3141.3,45.2,201.5,2523.6,371.0,235.3,604.0,1
30,74,41,2764.5,10.3,595.4,1670.2,488.6,213.0,297.0,0
28,72,40,3311.2,9.3,216.1,2515.6,570.2,208.9,529.5,1
30,73,39,3462.1,17.7,329.5,2551.8,563.1,275.1,353.9,1
30,70,38,2965.4,34.4,301.5,2307.8,321.7,187.9666666666667,341.2999999999999,0
29,75,31,2390.5,67.3,350.0,1650.4,322.8,276.2333333333333,574.5,0
28,73,30,2726.7,7.3,249.7,1934.0,535.7,330.0,809.4,0
30,75,42,3454.1,6.6,217.6,2485.7,744.2,132.9,701.6,1
29,72,41,2609.5,54.2,455.9,1829.0,270.4,191.7,220.5,0
28,72,40,3300.5,7.3,225.2,2556.1,511.9,175.6,461.0,1
30,70,33,2820.5,51.7,293.8,1933.4,541.6,206.6,604.1,0
29,76,35,3144.9,19.3,207.5,2511.6,406.5,296.6,924.8,1
29,70,42,3135.1,97.1,544.1,1825.7,668.2,222.2,471.5,0
30,79,36,2335.1,50.8,111.0,1699.8,473.5,203.6,539.9,0
30,71,37,2838.4,21.1,476.3,1874.0,467.0,293.8,465.0,0
28,71,37,2722.3,3.6,244.0,1851.7,623.0,158.5,379.6,0
30,70,38,3018.0,21.6,546.5,1719.7,730.2,211.0333333333333,228.2,0
29,76,32,2798.4,19.6,518.0,1720.1,540.6,251.8,404.1,0
30,77,40,3462.8,7.7,350.5,2546.0,558.6,350.7,790.6,1
30,74,31,3319.9,12.7,276.4,2656.8,374.0,154.4,491.4,1
29,75,40,3307.4,6.8,225.9,2735.8,338.9,235.1,510.4,1
28,78,35,3366.8,10.3,283.5,2250.7,822.3,225.0,621.5,0
29,71,41,2597.0,67.6,522.5,1491.3,515.6,235.0,444.1,0
29,76,42,3402.6,3.3,248.9,2402.1,748.3,233.7,812.5,1
31,72,30,2223.3,0.8,230.6,1689.2,302.7,204.0666666666667,464.0000000000001,0
29,73,41,3355.7,49.1,316.6,2577.4,412.6,300.7,695.9,1
29,77,33,2676.7,0.2,371.7,1681.1,623.7,304.3,575.7,0
30,72,40,3480.0,25.2,316.3,2494.1,644.4,285.6,706.8,1
29,74,41,2087.0,7.9,143.0,1111.7,824.4,108.5,456.0,0
30,71,32,3312.5,7.2,210.4,2712.2,382.7,130.1,111.1,1
31,79,41,2859.7,21.7,348.9,1960.2,528.9,185.1,353.8,0
29,77,36,3086.5,17.7,619.0,2043.4,406.4,198.5,66.4,0
28,70,31,2831.4,51.1,343.9,1893.3,543.1,236.9,660.1,0
29,70,31,2757.9,7.0,252.4,2080.6,417.9,283.2,660.7,0
30,76,30,2464.7,20.5,201.9,1840.6,401.7,282.1,822.2,0
30,72,30,4274.8,50.8,441.2,3456.9,325.9,252.1,335.7,1
28,74,35,3263.7,25.4,201.3,2441.5,595.5,232.5,425.3,1
30,79,44,2859.6,8.6,235.1,2100.8,515.1,220.3,489.9,0
30,75,40,3596.0,17.4,348.8,2486.1,743.7,232.6,637.5,1
28,78,38,2785.5,78.0,234.8,1938.9,533.8,288.8,804.8,0
29,70,42,3699.9,51.2,288.0,2786.8,573.9,236.7,513.7,1
30,70,38,3036.4,69.2,290.1,2152.6,524.5,202.6,400.6,0
28,74,42,3405.7,16.7,270.2,2458.5,660.3,336.6,940.2,1
29,75,40,3091.8,0.3,397.2,2166.2,528.1,70.5,33.2,0
28,71,31,2883.6,35.0,305.3,1958.3,585.0,149.4,238.2,0
30,77,42,3713.0,25.6,538.2,2572.2,577.0,141.8,370.3,1
30,70,30,4638.1,43.2,809.5,3460.3,325.1,252.5,124.3,1
29,72,30,3500.9,44.1,216.1,2910.1,330.6,284.5,696.5,1
29,74,35,3053.4,12.8,359.2,2361.6,319.8,326.7,800.7,0
30,78,36,2648.3,28.8,283.7,2023.6,312.2,197.5333333333333,450.0,0
30,71,40,2532.6,9.9,314.2,1719.6,488.9,92.3,98.5,0
31,74,39,2752.9,0.3,291.8,1851.1,609.7,69.2,203.4,0
30,79,38,3142.0,53.3,358.1,2163.5,567.1,199.2,375.5,0
31,75,37,2590.1,5.4,245.8,1726.3,612.6,161.7,453.5,0
30,75,32,3295.1,15.9,324.4,2548.9,405.9,291.2,717.4,1
29,76,35,3284.1,9.9,294.2,2403.7,576.3,171.9,362.1,1
28,70,35,3459.9,44.2,218.0,2866.6,331.1,310.3,689.2,1
31,79,40,3370.8,1.5,365.7,2202.8,800.8,230.9,542.6,0
29,76,40,3851.5,6.6,834.6,2585.7,424.6,253.0,123.4,1
28,71,42,3576.8,3.6,344.6,2489.5,739.1,178.0,442.4,1
29,75,35,3517.2,4.1,364.7,2557.0,591.4,235.5,326.0,1
31,77,36,2882.7,14.6,399.0,1882.9,586.2,62.2,38.7,0
30,77,42,3798.2,9.6,633.4,2414.4,740.8,357.3,788.8,1
31,70,39,3431.6,9.8,787.7,1834.7,799.4,271.1,101.4,0
28,74,35,3943.4,42.6,850.1,2623.5,427.2,254.7,203.6,1
28,75,34,3351.3,21.3,269.2,2411.6,649.2,241.8,722.7,1
29,71,30,2711.1,75.1,348.7,1986.8,300.5,196.7,463.8,0
29,76,40,3287.8,6.9,234.9,2543.3,502.7,285.6,768.7,1
28,74,30,3232.7,14.7,226.9,2457.8,533.3,232.3,654.4,1
31,77,42,2898.1,98.5,335.1,1928.5,536.0,187.1,326.1,0
28,74,40,2803.4,0.9,240.9,2077.5,484.1,248.6333333333333,640.6,0
28,73,41,2960.5,33.2,364.7,1942.0,620.6,177.9,355.9,0
31,74,37,2228.9,18.7,302.1,1339.3,568.8,109.9,261.5,0
31,76,42,3454.8,17.7,361.3,2492.2,583.6,334.5,498.4,1
28,72,30,3352.2,26.6,205.8,2793.7,326.1,283.6,949.3,1
30,77,42,3320.3,25.2,332.5,2543.3,419.3,234.4,514.1,1
31,75,42,3369.3,17.1,335.4,2533.7,483.1,291.1,467.8,1
30,74,31,3310.4,13.2,487.9,2206.7,602.6,211.4,294.5,0
28,74,42,3048.1,80.4,536.7,2026.5,404.5,211.5,469.1,0
30,76,42,3459.7,8.1,312.8,2399.4,739.4,288.3,904.5,1
28,72,30,3365.5,12.8,345.6,2614.3,392.8,130.2,120.6,1
29,70,30,3248.6,73.4,386.2,2122.8,666.1,274.8666666666667,649.9000000000002,0
31,76,41,3211.3,24.3,233.0,2532.9,421.1,340.1,956.0,1
29,70,40,4175.1,17.7,324.0,3448.3,385.1,330.7,835.2,1
29,74,38,2947.5,41.7,433.1,1936.4,536.3,204.9,464.4,0
30,70,36,2712.7,7.1,288.7,1971.2,445.7,163.7,398.5,0
31,77,42,3558.4,24.1,356.0,2521.1,657.2,244.7,683.3,1
29,74,43,2125.8,51.8,303.2,1492.8,278.0,163.8,289.1,0
30,78,39,2296.7,33.0,235.4,1515.3,513.0,317.5,720.3,0
29,79,35,2526.4,9.3,459.8,1684.3,373.0,142.0,86.0,0
28,70,38,3282.9,5.8,472.8,2305.3,499.0,141.3,60.6,0
29,74,40,3618.3,22.9,344.5,2701.1,549.8,244.9,620.9,1
28,70,40,3747.4,44.3,325.8,2960.2,417.1,287.2,709.5,1
29,77,39,3184.5,15.3,243.6,2515.6,410.0,365.3666666666666,982.7,1
29,76,42,3557.8,5.5,378.2,2430.8,743.3,211.2,391.9,1
30,72,41,2691.7,7.4,374.0,1870.0,440.3,221.0,150.6,0
31,70,43,2893.5,10.9,791.5,1639.9,451.2,169.8,36.2,0
29,76,30,3314.9,23.1,326.9,2569.6,395.3,285.3,678.9,1
31,78,41,2703.5,30.5,447.7,1860.7,364.6,178.4333333333333,246.2,0
29,79,35,3031.5,51.5,405.2,2256.6,318.2,326.1,713.2,0
28,73,39,2270.4,13.1,349.7,1588.7,318.9,208.1,393.7,0
30,79,30,2344.5,10.2,249.0,1501.0,584.3,221.1,591.7,0
28,71,40,3543.2,24.3,362.0,2526.2,630.7,246.6,417.2,1
30,75,33,2818.0,17.5,534.3,1659.7,606.5,202.5,367.9,0
29,72,30,3291.2,47.5,198.5,2713.8,331.4,207.1,699.0,1
31,71,35,2494.8,40.5,408.3,1725.0,321.0,273.7,574.3,0
28,74,36,2638.8,19.9,152.9,1938.2,527.8,213.6,600.3,0
31,77,36,3361.6,42.6,417.6,2353.5,548.0,315.5333333333334,798.6,0
29,72,40,3388.3,50.7,210.7,2549.3,577.6,255.3,976.0,1
28,70,32,3132.2,26.2,635.8,1939.2,531.0,193.3,228.8,0
28,73,39,2928.7,48.6,247.2,2154.3,478.6,285.5,582.2,0
28,77,40,3197.4,5.6,223.9,2387.4,580.5,207.0,646.2,1
31,71,35,3345.7,50.6,772.0,2098.5,424.6,240.8,355.5,0
28,77,42,3364.0,24.4,324.9,2435.2,579.5,351.5,984.2,1
31,72,33,2070.9,65.4,341.3,1498.1,166.1,179.0,369.0,0
31,70,30,2916.7,53.9,390.1,1858.2,614.5,188.5,450.5,0
29,74,40,3671.1,23.7,328.0,2737.8,581.7,256.9666666666666,669.5,1
30,74,42,4103.0,21.6,281.1,3381.9,418.4,287.1,912.8,1
31,77,30,2905.0,10.6,371.4,1876.6,646.4,181.1,360.7,0
30,78,40,2767.4,7.0,365.6,2188.2,206.6,88.96666666666665,45.39999999999998,0
29,70,30,4404.6,40.3,577.8,3454.8,331.7,365.0,702.0,1
31,74,39,2617.0,2.8,327.6,1738.4,548.2,164.9,366.0,0
31,70,30,2951.2,17.5,716.1,1737.6,480.0,146.1,32.4,0
30,73,33,2650.9,47.5,513.5,1670.7,419.2,159.1,227.5,0
30,76,35,3531.6,51.7,336.5,2711.5,431.9,289.1,687.3,1
31,72,37,3210.6,7.7,610.1,2100.0,492.8,186.5,227.7,0
31,72,39,2460.6,14.2,373.1,1658.8,414.5,212.3,456.4,0
31,70,37,2362.6,25.1,270.6,1724.9,342.0,191.4,485.1,0
28,79,38,3217.4,26.7,384.8,2363.9,442.0,328.0,593.2,0
29,71,37,2604.7,7.8,442.1,1656.1,498.7,177.8,165.3,0
28,74,40,3489.1,3.7,366.8,2541.6,577.0,234.4,512.6,1
31,70,30,3157.5,0.3,439.3,2189.4,528.5,230.1,431.5,0
30,74,42,2623.3,0.4,207.3,2084.8,330.8,232.6,379.3,0
31,79,31,3050.9,7.0,395.4,2071.4,577.0,271.2,621.7,0
28,74,31,3268.3,6.3,208.8,2461.1,592.1,131.8,507.2,1
31,70,30,2810.6,4.8,323.1,1958.9,523.8,146.0666666666667,246.6,0
29,73,38,3379.8,10.9,228.1,2781.5,359.3,288.2,599.5,1
31,71,34,3103.3,17.2,477.2,2107.4,501.5,290.6666666666667,490.8,0
31,75,32,3668.4,42.8,528.8,2577.2,519.6,321.0,709.9,1
30,72,35,3071.5,1.3,255.9,2324.3,490.0,233.7,598.7,0
29,74,30,3289.6,22.9,240.6,2704.0,322.1,239.5,597.7,1
31,72,36,3062.1,20.5,428.5,1995.2,617.9,229.6,430.6,0
28,74,40,3909.1,6.9,300.4,3216.6,385.2,274.4,697.6,1
28,74,35,3713.3,5.8,308.1,3076.0,323.4,270.2,550.7,1
28,73,41,3391.2,6.6,221.4,2715.3,447.9,335.7,871.1,1
31,78,30,2721.1,1.8,233.8,1948.5,537.0,170.4,330.2,0
31,70,41,2334.8,53.4,347.6,1477.7,456.1,192.2333333333333,362.1,0
31,74,42,3447.5,26.3,328.1,2537.6,555.5,258.6,537.8,1
31,77,42,4186.7,22.5,900.8,2851.6,411.8,285.7,448.0,1
30,77,30,3360.5,17.9,329.5,2425.7,587.4,165.9,513.0,1
28,77,30,2186.5,1.1,206.8,1656.5,322.1,225.2,642.9,0
31,74,42,2361.6,14.8,343.9,1739.4,263.5,155.9,290.7,0
29,76,37,3334.2,6.3,356.7,2557.3,413.9,353.4,717.9,1
30,73,40,3127.3,10.4,545.7,1911.1,660.1,202.8,239.1,0
30,72,35,3638.2,45.3,237.1,2969.7,386.1,368.5,988.6,1
28,71,43,3003.3,49.2,346.8,2025.0,582.3,212.2666666666667,389.8,0
29,76,40,3380.0,6.5,279.6,2504.7,589.2,281.3,575.3,1
29,71,42,4144.3,19.2,917.9,2571.2,636.0,286.8,256.1,1
29,72,35,3417.9,4.2,307.1,2688.3,418.3,167.6,114.7,1
28,75,30,2384.6,15.5,171.7,1880.6,316.8,265.5,864.9,0
29,70,30,2762.1,96.8,342.0,1951.6,371.7,280.8666666666667,758.0,0
29,70,44,3375.8,83.1,607.1,2101.6,584.0,81.63333333333334,227.5,0
30,75,35,3137.6,23.5,200.2,2412.4,501.5,218.4,692.4,1
28,71,44,3229.2,19.6,431.6,2197.9,580.1,232.8,383.1,0
29,71,32,2652.5,19.3,462.4,1694.9,475.9,298.9,532.8,0
28,71,39,2763.4,8.5,340.0,1906.7,508.2,113.2,167.9,0
31,79,43,2597.1,9.7,331.5,1585.4,670.5,79.9,56.3,0
28,76,43,2516.4,18.9,330.1,1501.9,665.5,158.4,169.2,0
31,71,36,3154.8,14.5,532.9,1951.9,655.5,199.3,473.6,0
28,79,32,2610.8,8.3,295.2,1729.0,578.3,180.5666666666667,342.9000000000001,0
31,71,44,3631.5,13.9,780.0,2249.5,588.1,256.4,373.5,0
29,74,40,3126.1,30.4,614.7,2075.9,405.1,258.6,285.3,0
30,70,31,2865.0,24.3,584.4,1939.5,316.8,177.7,191.6,0
28,76,35,3197.3,3.0,217.7,2426.0,550.6,232.8,692.1,1
30,71,30,2722.2,18.0,481.8,1645.9,576.5,199.2,288.0,0
29,77,42,3411.7,5.7,270.1,2401.0,734.9,340.6,977.5,1
30,74,40,3559.1,22.0,326.7,2803.8,406.6,283.4,716.1,1
29,71,31,3141.4,51.9,282.0,2162.8,644.7,337.7,871.9,0
31,75,38,3308.3,51.5,582.0,2105.9,568.9,273.7,498.1,0
29,76,42,3539.9,22.2,340.1,2628.7,548.9,314.0,717.0,1
28,74,36,3340.6,7.8,317.5,2565.7,449.6,278.4,703.1,1
28,74,39,2907.7,33.6,352.6,1927.7,593.8,237.5,538.0,0
28,76,30,3391.9,3.9,342.5,2491.2,554.3,185.4,400.9,1
28,70,42,3555.8,23.0,253.7,2697.7,581.4,286.3,830.9,1
31,78,38,2776.8,9.4,403.6,1821.4,542.4,190.3,350.6,0
30,75,42,4747.5,26.4,912.5,3438.7,369.9,339.5,539.1,1
31,78,39,3049.4,17.9,411.5,1945.8,674.2,161.6,352.1,0
31,71,30,2956.9,34.4,240.7,2076.4,605.4,311.0,803.7,0
31,76,40,3534.5,45.5,273.8,2853.0,362.2,337.2,722.6,1
30,75,30,3484.6,49.9,381.1,2637.6,416.0,287.5,649.1,1
31,79,40,2392.7,16.5,179.2,1754.1,442.9,66.6,252.0,0
30,72,35,3498.4,26.6,349.3,2529.3,593.1,288.1333333333333,702.2,1
31,71,31,3046.4,14.9,364.5,2164.8,502.1,151.4666666666667,203.4,0
28,72,30,3360.5,32.3,209.3,2720.0,398.9,252.6,831.3,1
29,79,31,3091.0,19.4,535.4,2103.1,433.1,204.2,250.2,0
30,78,31,3039.5,37.9,235.1,2270.3,496.2,325.3,830.3,0
30,70,38,3031.1,26.8,366.0,2157.6,480.7,206.4,484.4,0
28,71,34,2600.6,8.9,465.9,1514.7,611.1,187.8666666666667,361.8,0
31,72,33,3256.8,16.8,551.0,2187.1,501.9,281.4,463.1,0
29,78,37,3254.2,1.5,329.7,2333.5,589.5,301.9,469.1,0
30,76,36,3186.6,98.3,339.5,2166.4,582.4,198.7,466.5,0
31,74,35,2717.7,17.8,245.6,1823.1,631.3,219.0333333333333,498.1,0
30,74,42,3479.6,9.5,322.9,2398.9,748.3,332.5,882.8,1
29,78,44,2693.1,19.7,548.3,1638.0,487.2,176.2,40.10000000000002,0
30,72,39,2354.1,18.1,284.0,1727.9,324.1,136.5,410.2,0
30,75,37,3405.7,19.0,319.3,2686.2,381.2,233.0,184.9,1
29,71,42,4061.3,5.5,334.5,3244.8,476.5,327.1,654.9,1
28,77,37,3378.9,49.2,309.1,2429.5,591.1,296.0,982.9,1
30,75,31,3546.0,24.2,365.3,2598.0,558.5,234.3,507.5,1
31,72,35,3874.0,45.7,659.4,2767.9,401.0,287.9,135.3,1
30,71,35,4797.1,52.0,915.8,3444.6,384.7,339.0,630.9,1
28,70,30,2858.8,16.8,527.8,1933.2,380.9,164.4666666666667,137.8,0
28,77,40,3451.3,16.9,351.1,2453.1,630.2,316.0666666666667,730.9000000000002,1
28,70,37,2787.3,66.5,453.2,1809.8,457.8,187.1,364.9,0
28,74,38,2739.9,50.9,388.8,1856.8,443.4,157.5,228.9,0
28,79,42,2490.0,33.0,336.0,1498.7,622.3,166.3,286.2,0
28,70,32,3464.2,98.1,624.3,2067.0,674.9,264.8333333333333,316.1,0
30,70,35,3027.2,19.7,241.5,2245.3,520.7,168.3,390.0,0
31,75,41,2328.7,8.7,239.6,1474.0,606.4,159.8,383.9,0
29,75,32,3060.5,13.5,356.9,1956.5,733.6,186.0,247.6,0
28,72,35,3492.6,7.4,359.4,2566.8,559.0,287.6,376.4,1
28,76,40,3315.3,8.5,304.4,2552.6,449.8,342.3,850.8,1
29,74,35,3346.6,36.8,317.3,2565.5,427.0,339.9,862.4,1
29,70,41,2931.1,44.7,483.7,1892.0,510.7,238.4333333333333,476.6999999999999,0
29,77,40,2624.3,16.2,300.7,1818.7,488.7,115.1,259.5,0
31,79,39,2106.0,11.0,244.9,1496.3,353.8,198.6,368.8,0
31,72,38,3500.0,97.6,792.9,2158.8,450.7,258.0,168.9,0
30,79,36,2940.8,14.2,90.2,2329.8,506.6,143.9,484.6,0
29,72,35,3441.4,45.4,279.8,2562.4,553.8,246.6,840.4,1
28,72,30,3425.9,39.9,319.5,2430.9,635.6,257.8,700.1,1
29,77,42,3351.6,24.3,269.1,2428.0,630.2,176.6,532.8,1
29,70,36,2210.3,71.7,266.6,1327.8,544.2,186.5,470.7,0
31,79,38,2473.6,48.0,168.4,1879.9,377.3,271.0,873.6,0
28,73,42,3287.5,5.4,226.1,2569.6,486.4,202.9,574.8,1
28,72,40,3421.6,7.3,241.1,2473.2,700.0,239.0,833.7,1
28,70,35,3500.5,5.1,335.7,2568.9,590.8,286.2,626.7,1
30,74,30,3067.2,48.5,366.0,2076.3,576.4,191.7,473.5,0
31,79,35,2746.1,52.1,341.9,1967.0,385.1,279.9,583.2,0
31,72,42,3435.5,36.5,277.3,2512.9,608.8,336.7,832.0,1
29,75,36,3254.0,47.6,542.2,2374.7,289.5,303.8,477.6,0
28,72,35,3605.9,2.7,396.0,2623.4,583.8,282.4,548.3,1
28,76,31,2945.3,7.8,303.4,2170.2,463.9,306.7333333333333,721.2,0
29,71,44,3129.7,26.7,339.4,2398.2,365.3,366.0666666666667,862.5,0
30,72,30,3479.7,44.7,343.1,2736.9,355.0,132.8,130.3,1
31,70,30,2995.5,26.3,382.2,2122.4,464.6,269.2,708.1,0
28,79,42,3365.1,10.8,504.6,2397.8,451.9,189.7,241.5,0
30,76,41,3435.3,23.3,354.5,2500.9,556.6,335.9,833.0,1
29,72,42,3465.1,44.2,313.3,2453.4,654.2,364.8,983.2,1
29,78,38,2416.7,2.6,236.5,1351.8,825.8,185.6,324.3,0
30,78,40,3321.7,23.1,337.2,2342.9,618.5,200.9,387.0,0
28,74,42,2771.0,26.8,231.5,1935.6,577.1,181.8,598.4,0
30,74,44,2649.7,9.2,96.0,2072.4,472.1,203.2,657.4,0
31,72,31,2771.8,17.2,503.4,1835.5,415.7,211.3,355.2,0
30,77,31,2452.0,27.4,685.1,1240.6,498.9,182.5,252.5,0
28,77,37,2758.5,66.4,290.0,1942.1,460.0,224.0,407.5,0
31,76,42,3840.9,26.2,615.1,2777.1,422.5,368.0,812.7,1
30,70,34,2848.6,28.4,296.7,1886.5,637.0,226.6666666666666,531.2,0
31,70,41,2738.2,32.5,297.0,1652.3,756.4,265.0,508.0,0
28,70,30,3484.7,25.3,202.3,2928.4,328.6,240.8333333333333,642.5,1
28,79,31,2895.0,9.2,219.2,2126.9,539.7,274.3,753.5,0
29,71,44,3541.8,52.9,790.4,2157.9,540.6,210.3,209.4,0
30,73,42,3659.1,16.0,337.3,2734.2,571.6,288.5,598.3,1
28,77,42,3334.9,15.9,282.3,2403.6,633.1,160.5,512.2,1
28,76,32,3089.6,13.1,194.5,2482.5,399.5,153.6,682.6,1
29,76,35,3212.2,21.2,272.4,2534.4,384.2,283.9,675.4,1
31,79,30,2718.5,4.5,214.6,2083.4,416.0,250.5,386.3,0
31,79,42,2627.4,13.4,328.0,1811.2,474.8,205.7,456.0,0
30,75,30,3410.3,49.6,333.4,2654.9,372.4,292.8,520.5,1
30,74,33,3745.7,51.5,470.4,2830.5,393.3,342.7,823.1,1
30,74,42,3906.0,23.1,268.8,3281.6,332.5,341.5,791.0,1
28,70,30,3506.9,32.6,479.4,2388.1,606.8,281.9,591.4,0
28,77,30,3362.0,19.8,360.7,2409.3,572.2,129.4,290.1,1
28,73,38,3129.6,22.8,513.8,2087.9,505.1,181.0,366.7,0
30,72,36,2308.1,20.0,328.9,1548.7,410.5,158.3,358.3,0
31,76,35,3410.8,51.4,313.9,2493.0,552.5,281.6666666666667,703.7,1
29,77,40,2893.3,9.9,254.8,2252.7,375.9,179.6,476.8,0
30,76,35,3533.8,42.5,355.1,2782.8,353.4,290.7,710.1,1
28,74,42,3272.4,10.3,203.4,2487.1,571.6,290.8,837.1,1
30,76,40,3975.7,24.8,745.2,2780.6,425.1,234.9,267.3,1
28,70,39,3069.8,32.0,295.4,2348.5,393.9,166.3,382.6,0
30,78,30,2608.7,16.8,228.5,1753.3,610.1,187.3,514.2,0
30,74,42,4093.3,10.7,914.8,2503.7,664.1,229.7,504.9,1
31,70,40,4653.3,51.0,827.2,3443.5,331.6,337.6,440.9,1
31,77,41,2424.6,97.9,322.6,1816.7,187.4,202.7,470.1,0
28,72,30,3278.4,6.1,321.1,2544.3,406.9,288.6,520.9,1
30,78,39,2980.3,0.7,516.0,1889.5,574.1,182.9,248.8,0
30,73,34,2068.8,1.6,231.3,1297.1,538.8,65.60000000000001,121.0,0
31,74,36,2783.2,53.0,337.8,1924.7,467.7,137.6,290.3,0
30,76,30,4691.4,18.5,914.7,3431.9,326.3,359.3,708.8,1
30,74,35,3446.0,23.3,280.8,2723.1,418.8,157.8,554.9,1
28,70,41,3006.9,28.3,525.8,1880.1,572.7,188.5,276.5,0
28,78,40,2665.0,9.1,364.0,1870.6,421.3,183.5,323.1,0
29,72,40,2237.5,54.2,257.1,1735.8,190.4,130.0,377.1,0
28,74,42,2989.9,20.4,533.2,1974.2,462.1,189.2,380.1,0
30,77,32,3065.1,2.7,393.0,1849.3,820.1,217.3,241.0,0
30,71,34,2598.4,1.9,333.9,1714.8,547.8,131.5,56.5,0
29,79,35,2990.1,2.8,231.7,2343.7,411.9,308.2,650.9,0
29,73,42,3220.8,24.0,345.1,2371.8,479.9,274.8,527.4,0
29,76,41,4136.1,6.8,866.2,2707.4,555.7,273.0,501.4,1
29,71,38,2895.6,16.6,642.4,1738.7,497.9,194.5,241.1,0
28,73,41,3201.3,99.1,353.9,2200.1,548.2,207.8,470.4,0
29,74,42,3512.3,4.0,354.4,2571.8,582.1,263.2,423.2,1
31,71,30,2205.3,19.0,334.2,1306.4,545.7,81.6,211.1,0
31,76,44,2895.7,15.9,340.8,2173.8,365.2,185.2,247.8,0
29,73,41,3050.0,97.6,250.8,2345.7,355.9,318.0,877.5,0
28,75,42,3182.3,39.3,195.7,2560.0,387.3,351.8,982.2,1
29,77,31,2923.1,23.7,545.9,1948.7,404.8,237.7666666666667,359.7999999999999,0
29,76,40,3241.3,3.6,310.0,2547.1,380.6,221.0,182.9,1
29,76,35,3528.7,23.3,336.9,2609.8,558.7,233.8,727.9,1
28,71,40,2825.1,26.1,334.8,1680.5,783.7,110.1,252.9,0
31,75,41,3340.3,66.1,761.9,1933.4,578.9,206.3,165.6,0
30,74,41,2998.1,49.5,325.9,2359.5,263.2,185.3666666666667,470.4,0
31,72,36,2958.3,21.5,293.6,2362.0,281.2,198.2,485.7,0
30,74,38,3239.4,44.4,492.3,2197.4,505.3,215.5,489.3,0
31,76,30,3388.8,50.8,314.6,2697.2,326.2,243.2,386.7,1
28,73,36,3490.9,22.5,343.2,2541.6,583.6,268.3,705.2,1
29,77,30,3169.2,23.8,254.2,2501.5,389.7,198.7,288.0,1
29,70,39,3026.6,90.4,235.5,2253.3,447.4,187.4,383.2,0
31,74,30,2880.1,0.3,281.1,2059.7,539.0,148.6,151.1,0
30,74,42,3337.0,23.7,273.7,2591.7,447.9,235.8,522.9,1
30,73,39,2901.3,8.5,413.0,1940.7,539.1,268.4,508.5,0
28,70,41,2854.4,31.4,228.6,2166.8,427.6,206.9,506.3,0
29,70,30,4272.5,25.3,469.0,3449.1,329.1,315.5,517.8,1
31,73,40,2638.9,26.3,212.3,1929.0,471.3,145.8,309.7,0
31,79,38,2701.8,16.6,303.9,1865.0,516.3,263.6,584.2,0
29,72,35,3473.6,51.1,319.0,2546.2,557.3,278.3,676.8,1
30,71,43,2705.5,13.1,366.0,1823.0,503.5,258.0333333333334,625.6,0
30,74,40,2674.3,45.6,400.2,1685.4,543.1,132.0,232.2,0
29,72,30,3328.1,27.8,205.2,2760.4,334.7,279.2,721.5,1
30,70,37,3491.6,72.3,655.8,2347.2,416.3,228.3,370.4,0
31,70,31,3057.5,22.8,796.7,1741.7,496.3,178.8,61.4,0
29,72,44,3155.0,97.9,533.3,2019.7,504.1,192.8,273.0,0
29,76,30,3117.8,26.1,199.6,2554.8,337.3,284.7,620.2,1
31,74,41,3262.1,12.4,545.2,2167.7,536.8,252.4,399.0,0
28,77,31,3303.1,40.6,283.7,2318.2,660.6,321.4333333333333,876.5999999999998,0
30,76,30,3295.9,3.5,313.2,2407.3,571.9,263.8,612.0,1
28,72,42,3438.4,8.1,225.9,2460.4,744.0,157.3,534.0,1
30,71,33,3920.4,50.0,232.7,3308.4,329.3,367.2,957.3,1
30,74,35,2491.0,9.6,286.3,1739.6,455.5,177.6,473.8,0
28,73,35,3242.2,24.9,242.0,2564.6,410.7,233.0,787.3,1
29,71,42,3521.3,7.8,335.3,2586.3,591.9,181.4,314.7,1
29,74,39,2937.5,17.2,302.8,1969.4,648.1,208.6,520.6999999999998,0
29,70,30,3119.4,53.4,343.8,2177.7,544.5,187.2,249.9,0
29,78,39,2406.0,17.9,244.7,1658.7,484.7,192.1,511.6,0
29,77,37,3455.8,50.8,327.1,2485.6,592.3,290.3,716.4,1
28,73,33,3467.9,4.1,353.5,2726.2,384.1,133.0,127.3,1
30,76,30,3665.0,43.2,325.7,2969.2,326.9,314.0,802.1,1
29,74,30,3295.5,46.6,262.2,2579.5,407.2,285.8,703.1,1
30,71,34,2410.3,0.8,246.2,1354.5,808.8,199.7,472.7,0
30,70,35,2886.7,17.5,394.9,2090.0,384.3,216.5,422.8,0
31,72,40,3819.1,33.8,579.5,2574.5,631.3,289.1,510.0,1
30,73,30,3298.5,51.8,313.9,2553.2,379.6,290.1,830.1,1
30,74,40,3495.1,3.9,335.0,2552.0,604.2,184.5,514.0,1
31,77,33,2501.9,47.9,767.0,1104.3,582.6,154.7666666666667,218.7,0
28,70,40,3141.9,50.5,334.0,2358.3,399.1,170.8,367.4,0
30,74,33,2811.4,15.8,343.6,2057.2,394.8,315.8,737.9,0
30,70,41,2182.7,20.5,283.2,1341.9,537.1,206.8,477.5,0
30,72,30,3300.2,24.2,234.4,2713.7,327.9,152.0,208.4,1
31,77,42,3636.6,16.3,473.7,2500.8,645.8,364.7,827.7,1
30,70,30,2938.1,2.0,479.1,1982.2,474.8,112.9,36.9,0
30,71,30,2829.1,33.3,611.0,1750.7,434.1,273.6,396.8,0
28,71,35,3353.1,22.8,323.0,2565.3,442.0,335.2,593.1,1
28,77,34,3112.7,48.4,246.8,2185.0,632.5,312.7,876.5,0
28,79,42,2456.2,43.7,340.1,1642.6,429.8,286.3,519.2,0
30,77,42,3451.9,23.9,337.5,2457.5,633.0,306.6,954.7,1
30,72,40,3880.1,13.9,391.1,3048.4,426.7,342.0,699.9,1
31,77,42,4030.3,21.1,914.1,2462.8,632.3,367.7,710.0,1
29,74,41,3477.3,10.3,326.8,2398.7,741.5,130.2,139.3,1
28,74,35,3265.6,43.8,207.4,2395.9,618.5,294.3,850.0,1
31,73,34,3793.9,17.7,610.0,2358.8,807.4,260.6,525.3,0
28,74,39,3514.7,3.3,352.9,2700.2,458.3,265.7,622.1,1
28,72,42,3565.5,7.3,331.2,2485.7,741.3,306.3333333333333,836.0,1
30,76,42,3435.2,25.6,259.8,2407.0,742.8,288.8,980.6,1
29,70,30,3149.4,14.8,226.8,2345.4,562.4,320.2,866.2,0
30,70,35,3850.0,10.2,417.4,2971.0,451.4,267.0,133.0,1
29,72,38,2632.6,54.5,99.4,1940.9,537.8,255.0,759.4,0
28,75,31,2704.8,50.5,240.4,1851.7,562.1,234.5666666666667,580.8000000000002,0
31,76,30,2411.9,24.8,186.6,1837.3,363.2,157.9,581.0,0
30,75,32,2942.6,2.4,542.6,2094.7,302.8,178.7666666666667,96.29999999999997,0
28,76,42,3283.0,6.1,199.4,2506.8,570.7,231.6,673.3,1
30,73,37,4048.4,5.3,815.1,2749.3,478.7,142.4,117.0,1
31,70,40,2688.4,10.3,222.7,1949.6,505.8,133.6,294.9,0
29,75,42,3529.2,14.2,363.4,2519.6,632.0,281.7,779.4,1
29,76,35,2844.0,64.4,226.3,2143.7,409.6,187.0,494.9,0
31,72,33,3079.7,4.2,342.8,2252.8,479.9,200.1,390.9,0
30,74,30,3829.3,11.1,673.0,2719.3,425.9,131.6,120.6,1
28,70,42,3408.4,98.5,792.9,1933.4,583.6,204.7,164.9,0
28,72,40,2994.7,54.1,401.4,2258.9,280.2,240.0666666666667,454.8000000000001,0
29,77,30,4197.7,45.1,902.8,2900.2,349.6,336.6,659.8,1
30,70,40,2149.7,26.1,324.5,1357.0,442.1,204.1,494.0,0
29,75,40,3417.7,22.8,300.6,2450.7,643.6,292.6,698.7,1
31,71,31,3012.8,9.5,436.6,2033.0,533.7,170.5,299.4,0
31,74,34,2654.6,22.5,182.8,1944.8,504.5,165.3,623.5,0
31,70,36,2634.1,79.4,397.3,1841.3,316.1,227.2,502.0,0
31,70,40,4366.8,23.2,564.3,3453.6,325.7,363.4,690.9,1
30,74,41,3169.2,55.1,520.2,1905.8,688.1,283.2,699.6,0
28,74,36,2490.7,20.3,245.0,1864.5,360.9,298.8,630.5,0
29,77,42,3441.6,7.9,313.8,2406.7,713.2,286.5,838.8,1
31,74,42,4244.1,14.7,915.0,2683.3,631.1,264.2,373.5,1
31,74,41,3581.6,12.5,348.8,2786.8,433.5,286.4,692.4,1
29,73,39,2957.8,11.8,340.3,2307.5,298.2,216.0,440.8,0
29,77,42,3520.5,26.5,350.7,2409.3,734.0,366.5,986.7,1
28,70,40,3494.4,3.5,257.0,2699.2,534.7,235.5,695.1,1
30,75,40,3093.8,2.4,204.3,2241.3,645.8,188.3,487.0,0
30,75,42,3544.2,25.9,325.6,2632.7,560.0,338.3,719.1,1
30,77,42,3640.4,23.6,341.5,2704.9,570.4,355.0,916.3,1
30,71,32,3480.9,40.0,316.1,2737.4,387.4,290.3,703.1,1
31,77,40,4066.4,29.7,904.1,2567.1,565.5,330.4,579.5,1
29,73,32,3237.1,13.3,796.4,1595.8,831.6,139.9,229.4,0
29,75,34,3513.3,16.4,326.9,2835.1,334.9,221.9,459.0,1
28,71,32,2510.2,75.5,398.2,1497.2,539.3,219.6,643.8,0
28,74,42,3512.0,26.5,360.0,2495.0,630.5,312.9,704.1,1
28,71,35,4117.4,51.2,335.2,3347.8,383.2,365.8,971.0,1
29,70,40,3542.5,44.3,272.9,2822.9,402.4,308.4,866.1,1
29,71,37,2151.1,18.3,287.4,1535.6,309.8,143.4333333333333,335.0,0
29,74,30,2548.0,46.5,483.3,1701.8,316.4,207.8,366.7,0
28,72,40,3499.7,8.7,233.1,2843.5,414.4,251.1,776.7,1
31,72,40,2886.1,10.5,762.0,1669.5,444.0,224.4666666666667,62.5,0
30,78,34,3037.5,18.3,540.6,2165.4,313.2,214.1,326.7,0
30,79,35,2830.8,49.7,431.2,1726.3,623.6,272.9,571.3,0
28,77,41,3452.7,23.6,330.3,2675.6,423.2,285.9,834.0,1
30,74,41,3933.3,24.8,566.0,2954.1,388.4,235.2,441.7,1
28,77,39,3274.9,19.3,211.9,2478.5,565.2,333.3,973.3,1
31,74,40,3021.2,12.4,392.3,2168.8,447.7,274.5,539.1,0
30,72,30,2938.0,26.3,407.0,2107.4,397.2,266.1,618.8,0
30,75,31,2687.1,25.2,244.7,1881.9,535.3,272.0,742.0,0
31,72,44,2820.9,0.8,761.3,1606.2,452.6,90.3,29.9,0
30,74,38,3972.6,22.3,686.5,2682.0,581.8,228.8,183.9,1
28,74,43,3196.1,53.2,539.7,1939.6,663.6,244.6,571.6,0
31,72,42,3995.7,22.3,314.7,3276.8,381.9,315.6,629.7,1
29,76,35,3482.9,24.8,367.9,2513.2,577.0,325.2,834.3,1
30,71,40,3050.2,65.9,628.3,1940.4,415.5,234.9,231.5000000000001,0
28,72,30,3160.1,6.7,199.7,2577.9,375.8,128.8,501.4,1
29,72,33,2818.2,27.7,371.3,1877.1,542.0,161.8666666666667,348.5,0
31,70,37,3001.5,77.9,621.0,1842.6,460.0,183.1,290.6,0
31,76,35,3728.8,26.1,553.7,2577.2,571.8,327.1,513.0,1
28,70,39,2946.2,63.7,643.7,1927.4,311.4,275.0,453.7,0
30,77,34,2984.4,7.6,197.5,2247.3,532.0,285.2,749.8,0
30,72,42,4148.4,16.2,354.7,3446.0,331.5,289.5,533.3,1
30,76,42,3439.4,8.8,331.7,2462.9,636.0,132.5,123.2,1
30,74,40,3302.1,26.2,205.7,2440.9,629.3,154.4,522.2,1
30,71,30,3353.2,10.1,239.3,2529.3,574.5,241.2,685.0,1
30,72,30,3496.2,25.6,324.2,2780.9,365.5,153.3,137.2,1
30,71,35,3283.0,17.5,447.0,2325.4,493.1,263.8,384.7,0
30,76,42,3443.5,26.6,305.5,2525.5,585.9,338.7,797.5,1
29,72,41,2770.5,6.8,306.2,1946.1,511.4,206.2,425.5,0
31,75,32,3143.1,51.0,322.6,2348.7,420.8,266.7,650.6,0
30,74,36,2567.2,50.3,245.7,1859.6,411.6,263.4,753.9,0
28,70,30,4021.3,44.0,202.0,3448.3,327.0,304.3,946.2,1
29,74,35,3319.0,43.6,273.3,2571.7,430.4,236.6,517.0,1
29,76,42,3626.9,4.1,458.3,2427.2,737.3,128.1,120.9,1
30,72,36,4156.4,41.3,900.8,2795.7,418.6,337.1,394.6,1
29,74,40,3463.3,41.4,267.1,2750.4,404.4,366.3,981.2,1
29,76,35,3388.1,10.2,386.0,2174.3,817.6,223.9,392.7,0
31,74,30,2678.0,11.2,481.7,1645.0,540.1,272.3,504.2,0
29,72,30,2437.2,49.6,273.0,1633.6,481.0,213.5,546.5,0
30,72,42,3744.1,22.3,562.6,2717.6,441.6,319.2,621.0,1
28,75,42,3264.6,23.2,237.6,2569.8,434.0,270.2,701.6,1
28,74,39,3262.6,3.8,204.0,2481.6,573.2,130.6,484.0,1
30,72,35,4190.1,44.4,356.7,3455.8,333.2,305.2,625.4,1
28,78,33,2884.5,6.4,341.7,1925.1,611.3,184.3,332.8,0
30,75,40,3292.5,19.5,795.9,1940.9,536.2,188.1,34.5,0
31,70,32,3152.1,2.9,409.9,2199.7,539.6,192.4,252.8,0
30,72,31,2952.6,10.2,345.1,2071.7,525.6,200.7,354.8,0
30,74,39,2549.0,47.9,380.4,1837.5,283.2,231.7,395.8,0
29,72,34,3344.5,6.0,352.5,2557.6,428.4,329.6,517.3,1
29,75,40,3133.5,23.2,197.9,2524.6,387.8,337.6,959.8,1
28,75,44,2535.6,80.2,330.6,1589.7,535.1,266.7,698.7,0
29,76,31,3244.9,38.6,300.9,2498.5,406.9,318.6,827.9,1
29,72,31,2361.1,53.6,248.8,1892.9,165.8,195.9,400.5,0
30,72,41,3490.3,22.5,318.8,2566.7,582.3,283.4,702.2,1
31,72,33,2497.7,7.1,248.2,1918.3,324.1,237.5,642.4,0
31,78,36,2476.8,11.9,310.4,1479.2,675.3,146.8,287.6,0
29,77,35,2573.4,9.8,231.0,1670.3,662.3,186.0,525.7,0
31,71,30,2754.7,9.6,262.6,2189.5,293.0,236.3,571.9,0
31,71,35,3323.0,16.6,523.6,2255.9,526.9,186.3,320.3,0
28,74,36,3087.0,2.4,333.2,2191.6,559.8,160.1,233.0,0
31,73,30,3256.8,20.6,766.0,1859.3,610.9,137.0,39.5,0
31,71,39,2501.4,67.2,243.7,1709.6,480.9,237.0,569.8,0
31,74,32,2279.6,37.4,439.5,1121.0,681.7,87.5,111.1,0
28,77,40,4100.0,4.9,918.2,2582.7,594.2,239.3,537.4,1
30,72,35,4001.4,25.3,284.8,3310.5,380.8,278.0,693.8,1
28,75,39,3353.0,3.4,285.3,2512.2,552.1,287.2,648.5,1
30,76,31,2945.0,8.5,149.1,2167.4,620.0,185.4,597.0,0
29,74,35,3428.0,25.7,336.4,2505.5,560.4,295.8,821.3,1
31,79,39,2781.6,3.9,229.3,1891.9,656.5,173.9,398.0,0
28,70,40,4177.6,14.2,349.4,3433.8,380.2,332.1,676.0,1
30,76,41,3561.9,20.9,349.2,2751.3,440.5,345.2,832.3,1
28,75,32,3124.0,13.6,208.6,2573.7,328.1,290.7,652.5,1
29,71,31,3274.9,83.4,434.1,2349.1,408.3,220.6,524.1,0
30,74,41,3460.7,38.1,299.8,2537.8,585.0,202.1,700.5,1
31,71,30,3892.0,52.1,420.1,3063.4,356.4,338.9,707.3,1
28,77,30,3285.4,7.5,293.0,2407.8,577.1,128.7,244.5,1
29,74,42,3647.6,7.6,332.2,2727.3,580.5,288.4,841.2,1
30,76,39,4072.5,35.5,908.5,2706.8,421.7,238.3,109.7,1
30,72,30,3327.8,44.0,314.0,2541.6,428.2,138.0,413.7,1
30,76,42,3615.4,6.6,453.0,2410.8,745.0,257.1,660.4,1
28,74,35,3202.5,45.4,236.8,2487.3,433.0,323.0,985.5,1
29,79,42,2167.0,23.3,247.0,1511.5,385.2,264.6,569.4,0
28,74,30,3181.3,9.8,234.2,2494.4,442.9,131.1,650.5,1
28,79,38,2900.9,7.0,233.4,2351.5,309.0,238.5,508.1,0
28,77,31,3045.2,9.2,427.2,2299.0,309.8,309.6,508.5,0
30,70,40,4685.7,50.0,783.8,3458.0,393.9,345.2,676.8,1
29,70,30,2816.0,7.2,247.3,1944.1,617.4,162.3,348.7,0
31,78,40,2532.7,10.8,318.6,1669.7,533.6,191.8,363.5,0
30,74,42,3255.4,43.9,218.5,2561.2,431.8,347.5666666666667,923.4,1
30,73,35,4204.2,38.0,914.3,2697.6,554.3,334.0,605.2,1
31,71,40,3022.9,23.3,270.1,2191.5,538.0,243.4,515.7,0
30,76,35,4262.3,51.5,811.0,3065.1,334.7,364.9,726.6,1
31,72,40,4842.1,43.4,919.7,3452.3,426.7,290.3,428.7,1
30,72,40,4127.6,37.7,566.4,3118.8,404.7,285.4,408.3,1
30,71,35,2778.1,34.0,259.6,1807.8,676.7,237.5,547.9,0
29,77,40,3488.0,21.7,325.5,2395.6,745.2,285.5,662.4,1
29,72,34,4002.8,32.7,311.5,3307.4,351.2,309.4,710.9,1
30,73,40,2780.7,19.9,200.1,2299.2,261.5,199.4,619.5,0
29,70,38,3652.3,14.6,352.9,2652.9,631.9,128.4,130.7,1
31,76,40,3782.9,25.0,622.2,2711.7,424.0,289.5,530.7,1
31,75,40,2926.8,18.6,550.0,2188.3,169.9,248.7,372.4,0
28,72,30,3093.7,20.9,197.7,2452.2,422.9,233.8,638.7,1
30,70,30,2987.2,23.6,370.1,2270.2,323.3,250.6,605.0,0
29,74,40,3360.2,25.5,211.2,2700.4,423.1,163.0,613.1,1
28,72,30,3314.8,10.1,324.3,2597.0,383.4,285.9,705.3,1
29,72,40,3172.6,23.7,545.6,2022.2,581.1,237.4,364.1,0
29,71,39,2611.7,14.6,332.4,1943.1,321.6,266.2,601.2,0
30,70,30,3749.6,7.8,317.6,3039.5,384.7,252.7,465.1,1
29,71,41,3673.3,4.6,341.3,2917.2,410.2,326.1,622.2,1
31,70,30,3658.8,23.1,349.9,2923.7,362.1,289.7,330.3,1
28,78,38,2806.8,12.9,527.4,1685.1,581.4,209.7,398.8,0
28,71,38,3178.8,21.2,425.5,2114.5,617.6,193.4,362.0,0
29,75,31,2625.9,20.1,337.7,1846.4,421.7,107.6,177.1,0
29,74,35,2781.3,76.9,304.1,1881.0,519.3,162.0,411.1,0
31,76,41,4197.4,31.7,916.8,2865.0,383.9,289.4,205.3,1
30,72,30,3556.8,11.1,316.5,2900.4,328.8,167.9,150.0,1
31,72,35,2650.7,18.2,211.1,2048.2,373.2,200.0,477.9,0
31,70,30,2737.2,27.5,253.0,1925.5,531.2,209.5,606.7,0
28,76,38,2546.0,97.1,366.3,1662.1,420.5,161.7,358.8,0
30,70,30,3694.2,47.3,365.2,2860.6,421.1,209.2,292.6,1
28,77,42,3448.7,5.4,349.5,2404.7,689.1,286.3,681.2,1
28,76,35,3376.4,3.3,349.9,2564.1,459.1,130.6,129.7,1
31,74,30,4087.3,24.0,334.3,3400.1,328.9,148.8,114.9,1
28,73,42,3413.5,8.7,245.7,2530.6,628.5,264.6,759.1,1
29,77,42,3433.6,23.5,329.0,2497.5,583.6,305.9,720.3,1
28,72,30,3345.2,44.1,310.2,2601.3,389.6,335.0,841.6,1
31,72,30,3839.0,51.0,349.8,3058.2,380.0,290.5,679.1,1
30,71,33,3463.5,24.9,318.7,2689.7,430.2,334.4,706.8,1
28,74,35,3430.9,10.5,329.6,2703.1,387.7,289.8,729.2,1
29,72,33,3278.0,39.9,212.8,2466.9,558.4,327.8,920.6,1
31,73,30,2093.2,24.3,200.9,1498.4,369.6,199.3,471.2,0
28,79,30,2993.9,16.5,404.9,2030.7,541.8,296.1,585.5,0
30,74,42,3351.5,8.5,207.3,2696.7,439.0,326.4,935.4,1
31,79,31,3196.0,3.0,328.0,2310.0,555.0,195.9,318.8,0
29,78,33,2172.6,26.5,226.7,1372.1,547.3,193.8,482.5,0
30,73,35,3043.3,17.7,616.6,1947.5,461.5,206.9333333333333,154.3,0
29,71,34,4144.0,22.6,344.8,3449.3,327.3,245.4,451.7,1
30,71,38,2782.2,64.5,355.3,1860.1,502.3,197.4,477.9,0
31,77,42,3482.5,24.2,343.7,2481.3,633.3,338.6,835.0,1
28,72,33,4178.1,26.4,349.0,3452.3,350.4,278.3,517.0,1
29,76,35,3447.1,44.3,336.5,2493.5,572.8,277.1,516.3,1
30,74,30,3471.1,50.3,330.6,2760.7,329.5,239.2,517.1,1
28,74,40,3306.8,17.1,251.0,2484.5,554.2,366.8,981.3,1
28,77,35,3240.3,5.0,201.6,2399.7,634.0,239.4,806.7,1
31,79,30,2610.0,11.8,213.0,1938.5,446.6,190.8,498.1,0
30,73,30,3468.2,25.3,338.9,2733.1,370.9,234.6,122.2,1
29,79,30,2711.6,9.7,349.2,1683.4,669.3,290.3,501.2,0
29,71,35,3387.6,14.0,255.6,2483.9,634.1,285.0,601.9,1
31,70,38,4214.5,26.3,350.1,3454.6,383.5,297.2,381.1,1
28,75,35,3344.3,8.7,266.5,2502.6,566.5,235.6,683.1,1
31,73,35,3104.2,7.5,562.5,2335.3,198.9,131.7,47.5,0
29,76,39,3378.5,12.4,326.9,2633.6,405.6,127.2,278.5,1
30,72,30,3285.2,4.9,280.8,2572.0,427.5,313.0,801.6,1
31,71,30,2545.2,19.9,366.0,1665.8,493.5,207.0,366.3,0
30,77,43,2916.9,19.0,364.5,2074.8,458.6,179.5,286.4,0
28,78,33,2705.5,8.9,282.5,2131.2,282.9,181.7,400.5,0
28,70,32,3154.8,15.1,195.5,2506.8,437.4,232.6,826.5,1
28,71,38,3655.5,3.0,321.1,2896.8,434.6,234.1,515.0,1
29,70,30,2945.0,35.5,472.4,1722.5,714.6,211.1,455.8,0
31,74,40,2741.6,23.4,378.5,1881.5,458.1,283.4000000000001,586.9000000000002,0
31,70,40,4130.4,44.4,251.0,3449.4,385.6,179.9,590.9,1
28,72,34,3258.8,6.3,199.1,2726.5,326.9,230.9,511.8,1
31,70,30,4071.5,26.9,332.3,3376.6,335.7,234.1,406.5,1
29,71,40,3765.9,45.2,349.2,2947.3,424.2,298.2,713.5,1
30,73,30,3449.6,25.5,310.1,2719.5,394.5,340.0,835.8,1
30,74,35,3288.9,23.5,319.6,2555.2,390.6,333.7,693.2,1
29,75,42,3471.9,10.4,327.3,2403.2,731.0,345.8,971.5,1
30,73,33,3421.1,23.5,313.9,2522.8,560.9,148.0,411.1,1
28,79,39,2914.6,25.5,586.2,1661.9,640.9,202.4333333333333,154.1,0
30,75,35,3296.7,8.3,316.1,2542.7,429.6,310.0,703.9,1
30,72,41,3476.0,41.7,280.0,2571.6,582.7,336.9,893.6,1
29,72,42,4117.1,24.4,286.8,3442.4,363.5,360.9,949.7,1
28,71,30,2643.8,2.1,263.8,1846.8,531.1,178.2,365.1,0
29,79,37,2554.5,1.8,285.3,1937.6,329.8,156.2,62.3,0
30,73,34,3039.2,51.3,385.5,2183.7,418.7,303.4000000000001,697.9000000000002,0
31,75,42,4072.9,10.3,915.2,2581.9,565.5,286.4333333333333,120.5,1
30,73,40,3828.4,24.9,507.1,2908.3,388.1,217.7,126.1,1
30,71,36,2676.2,16.9,359.7,1504.2,795.4,187.4,318.6,0
29,74,40,2602.5,15.1,223.0,1946.4,418.0,185.5,488.8,0
31,79,38,2502.8,78.6,254.3,1640.4,529.4,196.9,508.8000000000001,0
30,75,40,3370.6,5.1,331.6,2617.1,416.8,274.7,323.9,1
28,71,44,3049.5,1.7,620.9,1777.8,649.1,130.6,65.4,0
31,71,41,2634.5,10.6,248.9,1902.8,472.2,163.6,503.0,0
29,77,30,3302.2,49.8,272.0,2400.4,580.0,347.4,996.7,1
28,71,31,2712.2,18.3,309.1,1844.3,540.5,249.6,483.3,0
30,76,41,2719.9,52.4,313.2,1712.7,641.6,179.3,462.1,0
29,74,43,2257.8,11.4,325.0,1508.1,413.3,71.6,18.3,0
28,75,40,3247.9,5.9,284.8,2524.3,432.9,318.3,812.1,1
28,71,39,3099.9,34.5,446.1,2170.9,448.4,219.5,365.1,0
30,74,30,3225.1,51.2,217.2,2595.1,361.6,243.6,641.7,1
29,77,41,2796.1,38.4,529.5,1946.3,281.9,212.5,243.8,0
28,71,41,2563.2,17.6,203.3,1707.9,634.4,166.3,393.0,0
29,71,35,2651.1,55.0,323.2,1848.5,424.4,131.1,236.2,0
30,74,31,3138.8,1.2,494.7,1829.6,813.3,219.1,355.2,0
31,77,35,3118.6,44.1,198.5,2485.1,390.9,350.7,976.0,1
31,72,33,2623.6,0.0,252.5,1880.0,491.1,85.8,189.4,0
28,74,40,3316.8,26.2,201.8,2401.4,687.4,311.1,957.1,1
30,74,34,2520.4,16.5,457.2,1739.0,307.7,186.7,329.8,0
31,71,36,2342.4,10.0,352.6,1508.9,470.9,199.2333333333333,383.2000000000001,0
28,75,35,3233.5,15.3,262.6,2478.1,477.5,235.0,517.3,1
30,73,33,3024.5,40.4,303.1,2167.0,514.0,232.0333333333333,541.6,0
30,77,30,3333.7,17.9,770.8,1861.7,683.3,230.9,374.4,0
30,78,34,3111.1,20.5,532.0,2031.8,526.7,265.8666666666667,380.1,0
31,73,40,3195.9,17.1,249.9,2397.7,531.2,211.4,345.8,0
31,78,38,3340.1,47.4,347.5,2372.3,572.9,267.7,577.0,0
30,73,35,3327.6,10.5,632.9,1950.6,733.6,201.4,212.6,0
31,72,34,3600.3,15.0,315.8,2883.2,386.3,289.4,539.7,1
28,70,39,2982.2,99.1,297.1,2118.8,467.2,265.6,658.1,0
31,70,30,4751.9,42.5,914.9,3461.1,333.4,208.6,133.8,1
28,74,33,2544.9,35.7,206.3,1825.1,477.8,113.5,285.1,0
29,72,33,2741.5,31.6,404.1,1992.4,313.4,181.0,58.1,0
30,76,42,3358.3,7.5,258.8,2466.1,625.9,137.1,642.1,1
29,76,35,3488.2,15.5,322.6,2408.2,741.9,244.2,514.3,1
30,71,30,3943.7,6.9,728.4,2649.4,559.0,278.8,131.8,1
31,79,42,3283.1,21.7,445.0,2367.1,449.3,362.6,579.3,0
31,77,41,3323.0,24.6,333.5,2574.5,390.4,339.0,698.9,1
28,77,37,2752.0,47.9,234.9,1937.8,531.4,201.0,471.0,0
30,77,40,3519.7,13.9,333.3,2746.6,425.9,203.5,512.1,1
31,73,31,2878.7,48.5,243.2,2010.7,576.3,366.2,875.7,0
30,78,39,2633.9,54.6,362.3,1664.9,552.1,298.1,619.1,0
30,73,41,3442.1,10.6,317.2,2705.6,408.7,238.3,567.0,1
28,76,40,3556.6,11.6,354.8,2449.4,740.8,166.4,398.9,1
30,71,38,2403.6,27.2,192.4,1931.7,252.3,223.2,735.9,0
31,70,35,3024.2,67.0,785.2,1700.9,471.1,199.2,297.3,0
30,74,32,3380.6,20.1,476.5,2314.2,569.8,331.0,618.5,0
30,76,42,4023.8,26.2,919.7,2533.6,544.3,361.7,837.4,1
29,72,42,3785.4,9.9,575.1,2558.1,642.3,224.7,110.5,1
31,75,34,2642.6,14.1,241.9,1741.0,645.6,166.9,462.9,0
30,75,40,4099.7,25.2,871.2,2574.7,628.6,314.1,671.2,1
29,71,34,2828.5,17.1,280.9,1947.4,583.1,181.8,481.1,0
28,72,40,3764.2,9.7,458.0,2862.0,434.5,308.1,512.9,1
30,77,30,3344.9,24.4,338.6,2396.4,585.5,327.2,567.8,1
31,74,35,3420.6,8.6,677.2,2193.8,541.0,160.8,38.80000000000007,0
28,77,35,3390.0,13.6,298.2,2408.4,669.8,134.3,265.1,1
31,74,33,2889.6,28.1,346.3,2184.5,330.7,211.5,476.4,0
28,75,40,3326.6,9.3,275.7,2403.4,638.2,130.3,256.4,1
28,72,30,3946.0,16.5,345.6,3213.5,370.4,128.6,131.1,1
31,72,35,3738.9,10.6,608.5,2677.8,442.0,146.8,129.9,1
30,77,42,3497.5,3.9,362.7,2392.7,738.2,288.5,693.6,1
31,79,31,3005.9,13.8,270.8,2274.4,446.9,304.1333333333333,746.0999999999998,0
30,70,36,2844.2,18.5,357.4,1853.4,614.9,214.1,487.0,0
31,72,41,2498.2,32.3,195.4,1682.9,587.6,143.7666666666667,374.7,0
30,72,33,3415.1,44.7,332.7,2614.8,422.9,309.9,703.8,1
30,74,30,2655.3,65.9,247.9,1979.9,361.6,258.1,611.1,0
29,70,43,2784.9,8.4,336.3,1943.1,497.1,183.4,323.8,0
28,75,41,2361.6,16.1,589.5,1109.9,646.1,157.4,304.4,0
30,74,33,2944.3,69.1,247.9,2184.9,442.4,190.5,468.4,0
29,78,39,3239.5,3.4,261.6,2392.5,582.1,273.1,600.9,0
28,72,41,2655.2,96.3,214.4,1924.9,419.6,188.3,519.4,0
28,77,42,3400.7,24.7,315.3,2633.9,426.8,284.7,836.0,1
28,70,30,3269.0,18.7,400.5,2252.2,597.6,185.6,345.2,0
30,72,35,3635.7,25.5,331.5,2890.8,387.9,288.1,587.0,1
30,77,41,2851.0,70.1,326.9,1947.6,506.4,238.9,496.7,0
31,72,35,2899.1,7.6,215.0,2066.1,610.5,188.4333333333333,401.1,0
31,77,37,2827.7,9.8,345.0,2068.8,404.1,150.4,232.2,0
30,73,42,3494.4,3.5,345.8,2558.1,587.0,242.1,514.1,1
28,72,30,3416.6,19.1,622.7,1964.4,810.4,353.0,569.3,0
29,77,30,2784.0,10.5,216.5,2021.4,535.6,224.5,488.1,0
30,77,35,2967.7,21.1,327.7,2212.1,406.8,180.5,370.7,0
28,72,33,3408.1,26.3,355.0,2553.5,473.3,132.1,112.9,1
29,73,35,3337.0,3.5,330.2,2578.6,424.7,271.8,288.3,1
31,70,42,4809.3,51.9,918.7,3448.7,390.0,311.4,422.4,1
30,74,40,3495.0,8.1,365.2,2537.5,584.2,295.7,659.4,1
29,70,34,2683.7,52.4,310.6,1798.7,522.0,256.7,753.5,0
30,76,42,3184.6,8.4,217.9,2580.4,377.9,249.4,736.3,1
28,79,35,2978.5,7.5,339.2,2318.3,313.5,247.0,492.1,0
28,76,40,3331.4,4.8,331.0,2407.8,587.8,236.3,418.2,1
31,70,41,2861.9,34.6,356.8,1887.6,582.9,243.4,473.1,0
28,74,34,3389.2,21.5,335.2,2557.7,474.8,191.9,282.9,1
29,72,33,3432.3,12.7,311.5,2546.6,561.5,284.7,590.0,1
29,77,35,3108.1,24.9,204.2,2491.5,387.5,301.5,830.2,1
29,76,33,3230.4,43.9,244.0,2560.6,381.9,234.9,662.7,1
30,77,40,2563.8,18.7,410.5,1497.1,637.5,96.7,34.5,0
30,75,42,3396.5,49.0,260.7,2395.5,691.3,287.7,824.3,1
30,75,40,3421.6,11.8,324.5,2660.0,425.3,270.8,515.4,1
29,70,44,2456.3,53.8,419.6,1511.1,471.8,201.5,254.5,0
28,74,41,3419.1,20.0,279.7,2552.2,567.2,322.2,850.3,1
30,70,39,3007.0,92.3,601.8,1926.3,386.6,212.5,454.0,0
29,74,35,3746.0,24.3,504.2,2831.2,386.3,290.9333333333333,525.5999999999998,1
28,70,41,2840.8,54.2,280.9,2189.5,316.2,265.8,722.3,0
30,70,35,3524.6,50.2,344.0,2727.3,403.1,340.0,671.9,1
28,72,35,3187.0,27.2,203.0,2574.3,382.5,357.1,970.9,1
29,72,30,3438.0,13.5,303.4,2715.3,405.8,129.1,295.2,1
28,79,39,2598.1,1.8,168.5,1846.0,581.8,248.4,647.6,0
28,74,36,3267.6,51.9,399.4,2231.2,585.1,221.0333333333333,369.5,0
29,72,33,2796.2,9.4,546.1,1604.6,636.1,158.1,48.6,0
31,71,33,2823.4,60.6,423.0,1670.9,668.9,209.9,384.0,0
31,78,33,2776.1,17.4,242.3,1936.2,580.2,211.0,489.8,0
28,70,32,2967.7,24.5,417.1,2205.6,320.5,111.1,34.7,0
28,70,42,2182.1,54.5,397.1,1369.8,360.7,237.8,454.1,0
29,70,31,2513.2,55.4,266.9,1877.7,313.2,243.6,578.5,0
30,73,40,3451.0,23.0,321.0,2472.8,634.2,128.2,367.2,1
31,74,37,2522.8,30.4,254.5,1932.0,305.9,275.2,575.9,0
30,71,35,2966.8,8.1,364.5,1949.6,644.6,229.0,497.8,0
29,74,41,2339.6,27.5,380.0,1653.8,278.3,113.4,33.8,0
28,74,33,3379.9,22.9,318.4,2423.4,615.2,203.7,713.1,1
28,78,38,2120.9,19.9,306.3,1113.8,680.9,183.0,471.8,0
29,76,35,3438.5,11.7,333.7,2709.8,383.3,285.3,653.0,1
30,78,31,2735.6,18.9,410.0,1790.0,516.7,275.2,414.9,0
30,74,41,4258.1,3.2,920.8,2739.4,594.7,334.1,708.3,1
28,75,30,3201.7,12.0,236.6,2587.2,365.9,150.7,523.2,1
28,70,35,2412.6,69.5,242.3,1739.4,361.5,211.2666666666667,509.3,0
28,76,37,3024.4,34.9,770.1,1506.6,712.8,221.3,302.2,0
30,74,39,2403.5,18.3,372.9,1845.7,166.6,170.4333333333333,354.1,0
28,74,30,2703.4,58.7,188.8,1928.8,527.1,229.6,589.6,0
31,75,35,2513.3,17.7,227.1,1895.1,373.4,213.2,692.3,0
30,77,39,3296.6,20.0,784.7,2049.1,442.8,205.0,64.0,0
28,70,44,3288.1,66.3,481.3,2335.3,405.2,221.4,507.9,0
28,75,38,2847.7,1.0,323.4,1982.0,541.3,171.0,307.9,0
31,72,42,4102.7,23.9,808.0,2744.5,526.3,276.7,251.9,1
31,79,43,2719.9,47.8,290.3,1927.5,454.3,163.0333333333333,385.0,0
29,70,30,4110.0,15.0,322.5,3438.9,333.6,273.7,668.0,1
29,77,40,2739.4,10.2,526.0,1596.8,606.4,133.9333333333333,34.19999999999999,0
30,76,42,3489.6,6.1,338.4,2688.5,456.5,235.3,513.2,1
29,79,35,2929.6,15.4,361.6,2073.5,479.1,166.5,361.2,0
31,77,42,3289.0,11.8,224.8,2489.6,562.8,270.5,583.8,1
31,71,36,2717.6,16.9,353.9,1847.4,499.4,236.9,583.4,0
28,79,41,2394.9,51.6,307.5,1542.6,493.1,188.9,475.7000000000001,0
